PID,AGEP,SEX,HOME_ZIPCODE,HINCP,HID,PERSONS,BIN
352183531,75,1,35640,2,106612138,2,1
352184865,54,1,35640,2,106612688,2,2
352184827,69,1,35640,2,106612677,2,1
354645104,68,1,36092,2,107638554,2,3
354645171,35,1,36092,1,107638582,4,2
354645196,70,1,36092,2,107638589,2,1
354645023,18,1,36092,1,107638528,3,3
354645280,77,1,36092,1,107638618,2,1
351701460,30,1,35757,2,106416850,5,1
351700666,39,1,35757,3,106416587,3,2
351700466,71,1,35757,2,106416515,2,1
351700932,47,1,35757,3,106416675,4,2
351701143,44,1,35757,2,106416741,2,2
351700802,49,1,35757,3,106416632,2,1
351702085,35,1,35757,3,106417060,4,2
351702290,25,1,35757,3,106417128,3,1
354220502,59,1,36374,2,107460672,2,3
354219838,18,1,36374,3,107460362,3,3
355565748,40,1,36371,2,108010683,4,1
355565605,25,1,36371,2,108010619,2,3
355565835,52,1,36371,2,108010719,2,3
355565552,70,1,36371,1,108010598,1,2
355565762,36,1,36371,2,108010690,2,1
355565608,40,1,36371,3,108010620,3,2
355566001,49,1,36371,3,108010791,2,1
354220746,40,1,36311,1,107460780,1,1
354221520,35,1,36311,2,107461097,3,3
354221187,33,1,36311,1,107460968,3,1
354221698,60,1,36311,1,107461174,2,2
354822853,58,1,36460,1,107710564,1,1
354822067,34,1,36460,3,107710243,4,3
354822461,57,1,36460,1,107710406,1,1
354822569,42,1,36460,3,107710453,4,1
354822362,47,1,36460,3,107710365,3,3
354825157,40,1,36460,3,107711422,5,3
354644757,50,1,36092,1,107638432,3,3
354644717,33,1,36092,3,107638417,3,1
354644697,42,1,36092,3,107638409,2,1
354644703,57,1,36092,3,107638411,2,3
352229333,54,1,35594,3,106630841,2,2
352228638,53,1,35594,2,106630576,3,2
352228194,68,1,35594,1,106630411,2,3
352228859,28,1,35594,1,106630658,3,2
352228153,77,1,35594,2,106630393,2,1
352228158,53,1,35594,3,106630396,3,2
351701950,37,1,35757,2,106417018,1,1
351700383,41,1,35757,2,106416484,4,1
351701779,63,1,35757,3,106416962,2,1
351702438,40,1,35757,3,106417182,1,1
351700163,57,1,35757,3,106416405,1,1
351700474,42,1,35757,2,106416518,2,1
354221686,60,1,36311,2,107461168,2,2
354220997,27,1,36311,2,107460885,3,2
354220874,38,1,36311,1,107460836,4,1
354221736,21,1,36311,1,107461190,1,2
354220727,49,1,36311,2,107460770,2,1
354220839,22,1,36311,1,107460822,2,1
354221690,42,1,36311,2,107461170,1,1
354221248,70,1,36311,2,107460994,2,1
354221175,23,1,36311,1,107460962,1,2
354221487,30,1,36311,1,107461087,2,2
354221335,43,1,36311,2,107461024,2,2
354825111,82,1,36460,2,107711405,1,1
354824942,18,1,36460,3,107711339,4,3
354825240,25,1,36460,2,107711447,4,2
354824514,42,1,36460,3,107711193,2,1
354823740,20,1,36460,3,107710907,4,3
354824285,34,1,36460,2,107711110,2,1
355312255,57,1,36559,1,107905106,3,2
355312837,50,1,36559,1,107905346,1,1
355312611,18,1,36559,3,107905255,3,3
355311994,74,1,36559,3,107904994,2,1
355314691,63,1,36559,3,107906092,2,1
355312786,61,1,36559,2,107905327,4,2
355311815,57,1,36559,2,107904919,1,1
355311803,59,1,36559,2,107904914,2,3
355312057,24,1,36559,1,107905023,4,2
355314693,62,1,36559,1,107906093,1,2
355312421,25,1,36559,1,107905174,1,1
352160191,46,1,35640,3,106602899,2,1
353584925,44,1,35242,2,107194952,1,1
353585035,42,1,35242,3,107194997,6,3
353585811,34,1,35242,3,107195287,4,3
353583024,49,1,35242,3,107194236,2,1
355534671,35,1,36360,2,107998108,3,3
355535213,82,1,36360,1,107998370,2,1
355535052,36,1,36360,3,107998297,4,3
355535443,53,1,36360,2,107998482,1,1
352229303,49,1,35594,1,106630824,1,1
352228130,53,1,35594,2,106630382,2,3
352229001,45,1,35594,2,106630707,3,3
352229150,56,1,35594,2,106630765,2,3
352229705,23,1,35594,2,106630987,3,2
352228553,27,1,35594,2,106630544,2,3
353811716,27,1,35401,1,107287174,4,3
353811803,53,1,35401,2,107287204,3,2
353812044,48,1,35401,1,107287292,3,3
353811930,26,1,35401,1,107287250,2,1
353811643,28,1,35401,1,107287144,3,2
353811572,18,1,35401,1,107287122,3,3
612301976,63,1,22153,1,209967764,1,2
612304752,27,1,22153,3,209968843,2,3
612304015,59,1,22153,3,209968558,1,1
612300751,46,1,22153,3,209967298,6,3
612303069,21,1,22153,2,209968193,2,1
614945473,21,1,23234,2,210999280,3,2
614946568,84,1,23234,2,210999902,1,1
614945705,61,1,23234,2,210999408,2,2
614945343,38,1,23234,2,210999210,1,1
612932756,42,1,22193,2,210203514,1,1
612932268,43,1,22193,3,210203345,5,3
612932929,27,1,22193,3,210203582,5,2
612932412,48,1,22193,2,210203394,4,2
617080931,62,1,23452,3,211892408,2,2
617080269,43,1,23452,3,211892188,3,3
617081396,21,1,23452,3,211892560,5,3
612303128,36,1,22153,3,209968211,4,3
612301459,50,1,22153,3,209967563,4,2
612303927,21,1,22153,2,209968519,3,2
612304091,63,1,22153,2,209968589,3,2
612303243,44,1,22153,3,209968250,2,2
612303269,40,1,22153,3,209968259,3,2
614946048,19,1,23234,1,210999602,2,3
614945689,24,1,23234,2,210999398,1,2
614946113,24,1,23234,2,210999645,2,1
614945819,34,1,23234,2,210999471,2,1
614945853,45,1,23234,2,210999492,2,1
614945452,71,1,23234,1,210999268,2,1
614946136,55,1,23234,2,210999657,1,1
614946361,55,1,23234,2,210999785,2,1
615400822,74,1,24019,1,211181668,2,1
617615032,67,1,23502,1,212107687,1,2
617614677,36,1,23502,1,212107518,6,3
612931957,56,1,22193,2,210203242,5,2
612838928,78,1,20109,3,210171139,3,2
612841303,55,1,20109,2,210171953,2,1
612840649,29,1,20109,2,210171728,1,2
617081733,53,1,23452,3,211892673,2,3
617081756,55,1,23452,3,211892680,2,1
617081569,36,1,23452,2,211892618,2,1
617081712,19,1,23452,3,211892667,5,3
617081674,34,1,23452,3,211892654,4,3
617081434,58,1,23452,3,211892574,2,1
613148762,65,1,22728,2,210278218,2,1
617729931,30,1,23322,2,212153087,2,2
617730035,65,1,23322,2,212153130,1,2
617729558,28,1,23322,3,212152952,4,3
617730553,92,1,23322,3,212153328,3,2
616686959,35,1,24609,2,211721521,2,1
616687315,50,1,24609,3,211721660,3,3
616688040,40,1,24609,3,211721952,2,2
617706793,63,1,23320,2,212144829,2,1
617705062,28,1,23320,3,212144096,4,3
617708302,25,1,23320,2,212145455,2,3
617194304,35,1,23456,3,211941147,4,2
617193648,62,1,23456,2,211940940,3,2
617194588,47,1,23456,3,211941232,4,2
617193955,40,1,23456,3,211941036,4,1
617193455,41,1,23456,2,211940880,2,1
613148073,46,1,22728,3,210277996,2,1
613149097,20,1,22728,3,210278335,3,3
613150723,49,1,22728,3,210278878,4,2
613149776,53,1,22728,2,210278562,2,3
613149529,70,1,22728,3,210278478,2,1
617730923,60,1,23322,3,212153476,2,2
617729403,54,1,23322,2,212152895,3,2
617730106,57,1,23322,2,212153162,2,3
617729302,71,1,23322,2,212152850,2,1
617729323,52,1,23322,3,212152861,4,2
617729683,45,1,23322,3,212152994,3,3
616664245,36,1,24263,2,211711753,1,1
617188882,28,1,23456,1,211939067,2,3
617191278,29,1,23456,2,211940213,2,1
617189871,55,1,23456,2,211939554,1,1
617188643,34,1,23456,3,211938955,3,1
617191413,60,1,23456,3,211940277,2,2
615462587,56,1,24019,2,211207673,2,3
615458985,64,1,24019,2,211206223,2,1
615462949,71,1,24019,3,211207823,2,1
615461380,35,1,24019,2,211207186,2,1
617193482,27,1,23456,2,211940889,2,3
617195089,21,1,23456,3,211941392,4,1
613149211,49,1,22728,2,210278375,2,1
613149298,58,1,22728,3,210278400,3,2
617191405,38,1,23456,2,211940273,1,1
617189988,28,1,23456,3,211939601,1,1
617190734,48,1,23456,2,211939956,1,1
617189285,38,1,23456,3,211939268,2,2
617190890,26,1,23456,2,211940030,1,1
617189401,24,1,23456,2,211939328,3,2
617190202,43,1,23456,2,211939700,4,1
617189662,36,1,23456,2,211939453,1,1
615460123,18,1,24019,3,211206697,5,3
615460100,26,1,24019,3,211206689,2,1
615461543,30,1,24019,2,211207251,2,2
615459551,25,1,24019,1,211206451,2,3
615461809,61,1,24019,3,211207351,2,2
615462270,56,1,24019,3,211207541,3,2
617192155,37,1,23456,2,211940498,1,1
617192574,24,1,23456,2,211940621,7,3
364586111,91,1,95415,2,111623407,1,1
364586127,55,1,95415,2,111623413,2,1
364586143,56,1,95415,2,111623420,2,3
364586314,56,1,95415,2,111623492,1,1
364586355,50,1,95415,2,111623511,2,3
364586446,55,1,95415,3,111623553,2,1
364586691,53,1,95482,3,111623654,2,3
364587132,75,1,95482,3,111623809,1,1
364587158,75,1,95482,2,111623817,1,1
364523346,60,1,95461,2,111597200,2,2
364524041,61,1,95461,2,111597450,2,2
364524115,56,1,95461,2,111597474,2,3
364524168,60,1,95461,2,111597494,2,2
364543482,35,1,95437,2,111605541,2,1
364562545,52,1,95470,3,111613354,3,3
364562690,91,1,95470,2,111613406,1,1
364562858,75,1,95470,2,111613468,2,1
364563087,51,1,95482,3,111613554,3,3
364563194,27,1,95482,2,111613590,3,2
364563214,36,1,95482,3,111613596,5,3
364563499,51,1,95482,3,111613699,2,3
364563509,25,1,95482,1,111613704,1,1
364563746,33,1,95482,3,111613792,3,1
364584800,36,1,95482,3,111622860,3,3
364584818,28,1,95482,2,111622864,2,3
364584985,45,1,95482,1,111622937,2,1
364585044,58,1,95482,2,111622963,2,1
364585121,30,1,95494,2,111622991,3,1
364585691,66,1,95494,1,111623231,2,1
364585856,62,1,95494,1,111623302,2,2
364585912,54,1,95494,2,111623329,2,2
364585942,79,1,95494,1,111623342,1,1
364521966,63,1,95461,2,111596635,1,2
364522154,36,1,95461,2,111596725,3,3
364522193,27,1,95461,2,111596742,1,1
364522273,29,1,95461,2,111596776,3,3
364522406,50,1,95461,2,111596840,1,1
364522831,82,1,95461,2,111597016,2,1
364522890,64,1,95461,3,111597036,2,1
364522921,52,1,95461,1,111597049,2,3
364541852,55,1,95437,2,111604770,1,1
364541923,41,1,95437,1,111604804,1,1
364542041,79,1,95437,2,111604860,1,1
364542070,27,1,95437,1,111604875,3,2
364542086,41,1,95437,2,111604881,1,1
364542306,83,1,95437,1,111604990,1,1
364542440,53,1,95437,1,111605055,1,1
364543081,32,1,95437,2,111605361,1,2
364563977,61,1,95482,2,111613879,2,2
364564136,60,1,95482,3,111613932,3,2
364564170,18,1,95482,2,111613946,5,3
364564337,53,1,95482,2,111614006,2,3
364564499,25,1,95482,1,111614072,1,1
364564662,70,1,95470,2,111614137,1,2
364564958,19,1,95470,3,111614244,3,3
364562673,58,1,95470,3,111613400,2,1
364563065,56,1,95482,3,111613546,3,2
364563292,52,1,95482,2,111613621,2,3
364563381,54,1,95482,3,111613653,2,2
364563604,46,1,95482,2,111613740,4,1
364563803,55,1,95482,3,111613815,1,1
364584723,40,1,95482,1,111622820,1,1
364584787,58,1,95482,1,111622850,2,1
364585320,85,1,95494,2,111623076,2,1
364585488,41,1,95494,2,111623154,3,2
364585565,39,1,95494,1,111623180,4,1
364585735,53,1,95494,1,111623251,1,1
364521887,41,1,95461,2,111596603,2,1
364522197,28,1,95461,2,111596744,1,1
364522334,55,1,95461,1,111596807,2,1
364522460,35,1,95461,3,111596866,3,3
364522576,60,1,95461,3,111596920,2,2
364522592,76,1,95461,2,111596927,2,1
364522856,60,1,95461,2,111597024,1,1
364522899,47,1,95461,3,111597039,2,2
364541867,58,1,95437,1,111604775,2,1
364541916,93,1,95437,1,111604800,1,1
364542012,43,1,95437,2,111604846,2,2
364542056,55,1,95437,2,111604867,2,1
364542064,76,1,95437,1,111604871,2,1
364542460,52,1,95437,2,111605062,3,3
364542709,53,1,95437,1,111605180,1,1
364542780,52,1,95437,2,111605217,1,1
364542902,65,1,95437,3,111605273,2,1
364543032,51,1,95437,2,111605337,2,3
364543137,27,1,95437,1,111605389,3,2
364563992,57,1,95482,2,111613886,2,3
364523492,81,1,95461,2,111597253,2,1
364523554,41,1,95461,3,111597273,2,1
364523941,46,1,95461,3,111597409,2,1
364523944,45,1,95461,2,111597411,1,1
364524024,28,1,95461,2,111597444,4,3
364543251,60,1,95437,3,111605433,2,2
364543331,61,1,95437,3,111605462,2,2
364543456,25,1,95437,1,111605526,1,1
364543534,83,1,95437,1,111605565,1,1
364543623,55,1,95437,2,111605603,2,1
364543800,57,1,95437,3,111605684,2,3
364544063,54,1,95437,1,111605782,1,1
364544130,71,1,95437,1,111605811,1,1
620896897,69,1,98208,1,213442426,1,2
620837277,39,1,98275,2,213418877,1,1
620837425,49,1,98275,2,213418924,1,1
620837795,70,1,98275,2,213419056,1,2
620859357,82,1,98208,1,213427160,1,1
620859451,32,1,98208,1,213427206,1,2
620859456,93,1,98208,1,213427209,1,1
620859571,79,1,98208,1,213427264,1,1
620859885,55,1,98208,2,213427431,1,1
620860054,42,1,98208,1,213427514,1,1
620860131,51,1,98208,1,213427556,1,1
620860209,54,1,98208,2,213427602,1,1
620881062,63,1,98037,2,213435943,1,2
620881169,52,1,98037,2,213435991,2,3
620881412,61,1,98037,2,213436097,1,2
620881423,53,1,98037,2,213436102,1,1
620881490,47,1,98037,2,213436130,1,1
620881524,43,1,98037,2,213436145,1,1
620881602,45,1,98037,2,213436186,1,1
620881726,45,1,98037,2,213436245,1,1
620881893,27,1,98037,1,213436327,1,1
620892157,79,1,98204,1,213440558,1,1
620892158,44,1,98204,2,213440559,1,1
620892312,26,1,98208,2,213440632,2,1
620892745,71,1,98208,3,213440826,2,1
620892850,35,1,98208,2,213440870,1,1
620892948,38,1,98208,2,213440914,1,1
620839075,62,1,98203,1,213419438,1,2
620860638,63,1,98208,3,213427789,3,2
620860691,26,1,98208,2,213427809,1,1
620882420,59,1,98204,2,213436499,1,1
620882962,93,1,98204,1,213436691,1,1
620883273,64,1,98204,3,213436788,2,1
620883356,50,1,98204,2,213436818,2,3
620883367,53,1,98204,2,213436823,1,1
621097908,37,1,98208,3,213526043,1,1
621097968,38,1,98208,2,213526071,1,1
621098085,39,1,98208,2,213526120,1,1
621098150,22,1,98208,1,213526145,1,2
621098176,36,1,98208,2,213526158,1,1
621098543,45,1,98208,3,213526315,2,1
621098681,22,1,98208,1,213526360,1,2
621098796,56,1,98208,2,213526409,1,1
621098896,35,1,98208,2,213526458,1,1
621099042,40,1,98208,2,213526520,2,2
621099270,46,1,98208,2,213526615,1,1
621161211,39,1,98012,3,213549959,1,1
621161322,37,1,98012,2,213550020,1,1
621161488,58,1,98012,2,213550097,1,1
621161510,55,1,98012,3,213550107,2,1
621120946,59,1,98296,3,213534347,2,3
621121272,29,1,98296,3,213534468,4,2
621121571,56,1,98296,3,213534575,1,1
621121578,72,1,98296,2,213534578,2,1
621078052,34,1,98036,1,213518523,1,1
621078403,42,1,98036,2,213518639,3,2
621078453,42,1,98036,2,213518656,1,1
621078759,34,1,98043,1,213518772,1,1
621140872,38,1,98036,2,213542054,1,1
621141596,45,1,98036,2,213542308,1,1
621142085,34,1,98036,1,213542467,1,1
621142128,39,1,98036,2,213542482,1,1
621099452,43,1,98208,2,213526692,1,1
621099701,64,1,98208,2,213526790,3,2
621100317,84,1,98208,1,213527051,1,1
621100459,73,1,98208,1,213527113,1,1
621122331,59,1,98036,2,213534864,1,1
621122932,53,1,98036,3,213535077,2,3
621079272,74,1,98043,1,213518975,1,1
621079440,51,1,98043,1,213519037,1,1
621079584,48,1,98043,3,213519090,2,1
621079786,41,1,98043,1,213519162,1,1
621079833,34,1,98043,1,213519179,1,1
621079844,64,1,98043,1,213519184,1,2
621080300,36,1,98036,2,213519362,1,1
621142324,40,1,98036,3,213542554,1,1
621142776,26,1,98012,2,213542712,1,1
621142844,61,1,98012,3,213542739,2,2
621143101,58,1,98012,2,213542831,1,1
621143369,47,1,98012,2,213542930,1,1
621100767,73,1,98012,1,213527210,1,1
621101028,93,1,98012,1,213527293,1,1
621101927,23,1,98037,2,213527567,1,2
621123229,58,1,98036,3,213535191,2,1
621123874,46,1,98036,1,213535435,2,1
621123973,38,1,98036,2,213535476,1,1
621080570,77,1,98036,2,213519465,1,1
621080598,32,1,98036,2,213519477,1,2
621080821,69,1,98036,2,213519564,1,2
621080869,47,1,98036,3,213519583,1,1
621081010,57,1,98036,2,213519644,2,3
621081053,35,1,98036,2,213519661,1,1
621081110,79,1,98036,1,213519682,1,1
621081291,78,1,98036,2,213519764,2,1
621081466,51,1,98036,2,213519838,1,1
621081557,59,1,98036,1,213519881,1,1
621143498,47,1,98012,2,213542980,1,1
621143577,71,1,98012,2,213543013,1,1
621143793,47,1,98012,2,213543094,1,1
621143859,42,1,98012,2,213543121,1,1
458298908,69,1,67211,2,148156440,1,2
458298937,47,1,67211,2,148156455,1,1
458298989,55,1,67211,2,148156478,1,1
458298998,55,1,67211,1,148156482,1,1
458299062,18,1,67211,2,148156505,2,3
458299095,34,1,67211,1,148156519,2,1
458299099,60,1,67211,2,148156521,1,1
458299100,78,1,67211,2,148156522,2,1
458299227,73,1,67211,1,148156570,1,1
458299229,34,1,67211,2,148156572,1,1
458299278,38,1,67213,1,148156594,1,1
458299297,47,1,67213,2,148156604,1,1
458299303,30,1,67213,1,148156607,2,2
458299331,19,1,67213,1,148156616,3,3
458299335,71,1,67213,1,148156619,1,1
458299358,50,1,67213,1,148156635,1,1
458299365,45,1,67213,3,148156639,2,1
458299382,34,1,67213,1,148156650,3,1
458299392,48,1,67213,2,148156654,2,1
458299405,27,1,67213,1,148156661,2,3
458299408,48,1,67213,1,148156662,2,1
458299427,28,1,67213,2,148156672,2,3
458299455,43,1,67213,1,148156685,1,1
458299456,50,1,67213,2,148156686,2,3
458299462,52,1,67213,2,148156690,1,1
458299507,45,1,67213,1,148156711,1,1
458299514,31,1,67213,1,148156715,2,2
458299517,41,1,67213,2,148156717,2,1
458299524,25,1,67213,1,148156721,2,3
458299529,25,1,67213,1,148156724,1,1
458299539,57,1,67213,1,148156729,1,1
458299552,20,1,67213,2,148156737,2,3
458299591,47,1,67213,2,148156758,1,1
458299597,46,1,67213,1,148156761,1,1
458299598,51,1,67213,1,148156762,1,1
458299632,34,1,67213,2,148156781,2,1
458299654,60,1,67213,1,148156792,1,1
458299676,23,1,67213,1,148156804,1,2
458299709,56,1,67213,3,148156822,1,1
458299710,52,1,67213,1,148156823,1,1
458299727,34,1,67213,2,148156832,1,1
458299730,33,1,67213,2,148156834,3,1
458320376,34,1,67211,2,148165717,1,1
458320385,42,1,67211,1,148165720,1,1
458320391,41,1,67211,1,148165722,1,1
458320392,65,1,67211,2,148165723,1,2
458320396,41,1,67211,3,148165726,3,2
458320399,34,1,67211,1,148165727,3,1
458320420,43,1,67211,2,148165737,1,1
458320443,65,1,67211,1,148165747,1,2
458320444,25,1,67211,1,148165748,1,1
458320445,38,1,67211,1,148165749,1,1
458320448,24,1,67211,1,148165751,2,1
458320471,21,1,67211,1,148165759,1,2
458320472,50,1,67211,2,148165760,4,2
458320493,53,1,67211,1,148165768,1,1
458320560,67,1,67211,3,148165802,2,3
458320618,32,1,67211,1,148165826,1,2
458320652,38,1,67211,3,148165844,2,2
458320654,60,1,67211,1,148165846,3,2
458320672,51,1,67211,3,148165856,2,3
458320685,33,1,67211,1,148165868,1,2
458320686,53,1,67211,1,148165869,1,1
458320689,28,1,67211,1,148165872,1,1
458320814,48,1,67211,2,148165920,1,1
458320878,65,1,67211,1,148165948,1,2
458320882,34,1,67211,1,148165950,3,1
458320905,34,1,67211,1,148165964,3,1
458320932,29,1,67211,1,148165976,1,2
458320951,32,1,67211,1,148165983,1,2
458320982,27,1,67211,1,148165995,2,3
458321010,62,1,67211,1,148166008,1,2
458321051,49,1,67211,2,148166027,1,1
458321055,75,1,67211,1,148166029,2,1
458321057,45,1,67211,1,148166031,1,1
458321058,35,1,67211,1,148166032,1,1
458321084,61,1,67211,2,148166044,1,2
458321119,56,1,67211,2,148166057,1,1
458321148,38,1,67211,1,148166070,1,1
458321152,43,1,67211,1,148166074,1,1
458321173,42,1,67211,2,148166087,1,1
458321195,47,1,67211,2,148166097,1,1
458321224,38,1,67211,1,148166110,1,1
458321243,40,1,67211,1,148166120,1,1
458321273,47,1,67211,2,148166133,1,1
458321283,50,1,67211,1,148166139,1,1
458321289,56,1,67211,2,148166144,2,3
458321321,24,1,67211,1,148166160,2,1
458321348,22,1,67211,1,148166170,1,2
458321353,29,1,67211,2,148166172,2,1
458321354,50,1,67211,2,148166173,1,1
458321372,58,1,67211,2,148166180,1,1
458321393,53,1,67211,1,148166192,1,1
458321428,39,1,67211,2,148166208,2,2
458321429,38,1,67211,2,148166209,1,1
458321447,59,1,67211,2,148166217,2,3
458321455,24,1,67211,2,148166221,1,2
458321465,22,1,67211,1,148166226,1,2
458321483,53,1,67211,3,148166237,2,3
458321494,43,1,67211,1,148166242,2,2
